mean_fit_time,std_fit_time,mean_score_time,std_score_time,param_model__class_weight,param_model__max_depth,param_model__max_features,param_model__min_samples_leaf,param_model__min_samples_split,param_model__n_estimators,params,split0_test_score,split1_test_score,split2_test_score,mean_test_score,std_test_score,rank_test_score,split0_train_score,split1_train_score,split2_train_score,mean_train_score,std_train_score
112.61294142405193,1.2767121060629951,3.975489854812622,0.16025802846796885,,,sqrt,1,2,200,"{'model__class_weight': None, 'model__max_depth': None, 'model__max_features': 'sqrt', 'model__min_samples_leaf': 1, 'model__min_samples_split': 2, 'model__n_estimators': 200}",0.9699449196819157,0.9696773334040493,0.966352381248607,0.9686582114448573,0.001634123674324229,6,1.0,1.0,1.0,1.0,0.0
166.82696310679117,1.9672617283500524,5.1537948449452715,0.36394436362034654,,,sqrt,1,2,300,"{'model__class_weight': None, 'model__max_depth': None, 'model__max_features': 'sqrt', 'model__min_samples_leaf': 1, 'model__min_samples_split': 2, 'model__n_estimators': 300}",0.969998191657987,0.9698917730356253,0.9658704286834625,0.9685867977923582,0.0019212542921433194,7,1.0,1.0,1.0,1.0,0.0
88.63121469815572,4.252420831980595,4.167272885640462,0.20002027377861223,,,sqrt,1,4,200,"{'model__class_weight': None, 'model__max_depth': None, 'model__max_features': 'sqrt', 'model__min_samples_leaf': 1, 'model__min_samples_split': 4, 'model__n_estimators': 200}",0.9711236010021245,0.9707491253995434,0.9674247061321875,0.9697658108446184,0.0016624553026887757,1,0.9959821057117885,0.9963838956205939,0.9962232816593719,0.996196427663918,0.0001651254785677646
122.01450252532959,2.9163134614172748,4.4614503383636475,0.26144978695281185,,,sqrt,1,4,300,"{'model__class_weight': None, 'model__max_depth': None, 'model__max_features': 'sqrt', 'model__min_samples_leaf': 1, 'model__min_samples_split': 4, 'model__n_estimators': 300}",0.970695059608482,0.9708026767272111,0.9672641301624978,0.9695872888327303,0.0016433086576311522,2,0.9963035358757186,0.9965446110137852,0.9962768519827032,0.9963749996240691,0.00012042708769959737
27.241541703542072,2.1497761682020675,3.3155954678853354,0.186269663024492,,,sqrt,2,2,200,"{'model__class_weight': None, 'model__max_depth': None, 'model__max_features': 'sqrt', 'model__min_samples_leaf': 2, 'model__min_samples_split': 2, 'model__n_estimators': 200}",0.9673146055337927,0.966938705871456,0.9645260027963986,0.9662597714005491,0.001235526964116867,13,0.9681720886462781,0.9679565037345972,0.9697275534199639,0.9686187152669463,0.000788991233887304
38.39120181401571,0.6597680679658848,3.852578639984131,0.3234594098553666,,,sqrt,2,2,300,"{'model__class_weight': None, 'model__max_depth': None, 'model__max_features': 'sqrt', 'model__min_samples_leaf': 2, 'model__min_samples_split': 2, 'model__n_estimators': 300}",0.9670992891276926,0.9666699150288618,0.9645260027963986,0.966098402317651,0.0011255874673588165,15,0.9685465382674221,0.967929365933553,0.9697273831137154,0.9687344291048969,0.0007459641055461877
24.870911995569866,1.8274974066923775,2.9555177688598633,0.06899005492968975,,,sqrt,2,4,200,"{'model__class_weight': None, 'model__max_depth': None, 'model__max_features': 'sqrt', 'model__min_samples_leaf': 2, 'model__min_samples_split': 4, 'model__n_estimators': 200}",0.9673146055337927,0.966938705871456,0.9645260027963986,0.9662597714005491,0.001235526964116867,13,0.9681720886462781,0.9679565037345972,0.9697275534199639,0.9686187152669463,0.000788991233887304
32.48438413937887,0.37180293148634674,2.9635026454925537,0.27165246175465885,,,sqrt,2,4,300,"{'model__class_weight': None, 'model__max_depth': None, 'model__max_features': 'sqrt', 'model__min_samples_leaf': 2, 'model__min_samples_split': 4, 'model__n_estimators': 300}",0.9670992891276926,0.9666699150288618,0.9645260027963986,0.966098402317651,0.0011255874673588165,15,0.9685465382674221,0.967929365933553,0.9697273831137154,0.9687344291048969,0.0007459641055461877
13.524605592091879,0.41643063934002517,2.227461655934652,0.24609779394350256,,20,sqrt,1,2,200,"{'model__class_weight': None, 'model__max_depth': 20, 'model__max_features': 'sqrt', 'model__min_samples_leaf': 1, 'model__min_samples_split': 2, 'model__n_estimators': 200}",0.9573659479845872,0.9441066542885865,0.95267868501602,0.9513837624297312,0.005489980917244387,28,0.961366046219128,0.9476553771249483,0.9588091559209811,0.9559435264216858,0.00595284167844498
17.1736421585083,0.6046735637481829,2.1826515992482505,0.5398504903377417,,20,sqrt,1,2,300,"{'model__class_weight': None, 'model__max_depth': 20, 'model__max_features': 'sqrt', 'model__min_samples_leaf': 1, 'model__min_samples_split': 2, 'model__n_estimators': 300}",0.9580067924868839,0.9565044898548578,0.956666156732624,0.9570591463581218,0.0006733295052002801,19,0.9608550405275176,0.9579480841936219,0.9614213878883018,0.9600748375364804,0.0015215117853167796
9.552417039871216,0.89274460606625,1.5708117485046387,0.07042077802647634,,20,sqrt,1,4,200,"{'model__class_weight': None, 'model__max_depth': 20, 'model__max_features': 'sqrt', 'model__min_samples_leaf': 1, 'model__min_samples_split': 4, 'model__n_estimators': 200}",0.9580638404804557,0.9576345310404448,0.9525171406094284,0.9560718373767764,0.0025196532141898527,24,0.9594324615430188,0.9581935299988602,0.9584868919300236,0.9587042944906342,0.0005286370826933539
13.21745777130127,0.35884480254887446,2.0001275539398193,0.33909347121753936,,20,sqrt,1,4,300,"{'model__class_weight': None, 'model__max_depth': 20, 'model__max_features': 'sqrt', 'model__min_samples_leaf': 1, 'model__min_samples_split': 4, 'model__n_estimators': 300}",0.9591386190929183,0.9576885998205423,0.9560191208720479,0.9576154465951695,0.0012745798872021276,18,0.9599165674382786,0.9579522598352883,0.9605881779634784,0.9594856684123485,0.0011184130341816015
8.815946420033773,0.22573114609092423,1.341538429260254,0.2551548965088257,,20,sqrt,2,2,200,"{'model__class_weight': None, 'model__max_depth': 20, 'model__max_features': 'sqrt', 'model__min_samples_leaf': 2, 'model__min_samples_split': 2, 'model__n_estimators': 200}",0.9552651115478776,0.9570958335933395,0.9333934144579716,0.948584786533063,0.010767891311512899,31,0.9548357353595671,0.9562589081931616,0.9409640026174934,0.950686215390074,0.0068991507267232265
11.601236343383789,0.2029343953615692,1.886041800181071,0.3409621361046104,,20,sqrt,2,2,300,"{'model__class_weight': None, 'model__max_depth': 20, 'model__max_features': 'sqrt', 'model__min_samples_leaf': 2, 'model__min_samples_split': 2, 'model__n_estimators': 300}",0.9586553018387292,0.9573659479845872,0.9524648563185747,0.9561620353806304,0.002666765594370169,22,0.957849438585535,0.9565288677919938,0.9570650190162939,0.9571477751312742,0.0005422872769504369
7.900024970372518,0.5216444902427266,1.5878726641337078,0.24993837639170877,,20,sqrt,2,4,200,"{'model__class_weight': None, 'model__max_depth': 20, 'model__max_features': 'sqrt', 'model__min_samples_leaf': 2, 'model__min_samples_split': 4, 'model__n_estimators': 200}",0.9552651115478776,0.9570958335933395,0.9333934144579716,0.948584786533063,0.010767891311512899,31,0.9548357353595671,0.9562589081931616,0.9409640026174934,0.950686215390074,0.0068991507267232265
11.841279109319052,0.3962812121454544,2.333524227142334,0.35601246376505347,,20,sqrt,2,4,300,"{'model__class_weight': None, 'model__max_depth': 20, 'model__max_features': 'sqrt', 'model__min_samples_leaf': 2, 'model__min_samples_split': 4, 'model__n_estimators': 300}",0.9586553018387292,0.9573659479845872,0.9524648563185747,0.9561620353806304,0.002666765594370169,22,0.957849438585535,0.9565288677919938,0.9570650190162939,0.9571477751312742,0.0005422872769504369
119.85498857498169,5.122149861801103,3.486262083053589,0.3170827101840639,balanced,,sqrt,1,2,200,"{'model__class_weight': 'balanced', 'model__max_depth': None, 'model__max_features': 'sqrt', 'model__min_samples_leaf': 1, 'model__min_samples_split': 2, 'model__n_estimators': 200}",0.969891264941499,0.9698918663571723,0.966352381248607,0.9687118375157594,0.0016683875444829684,5,1.0,1.0,1.0,1.0,0.0
177.41830595334372,8.876079291971214,5.328075806299846,0.09030910334871073,balanced,,sqrt,1,2,300,"{'model__class_weight': 'balanced', 'model__max_depth': None, 'model__max_features': 'sqrt', 'model__min_samples_leaf': 1, 'model__min_samples_split': 2, 'model__n_estimators': 300}",0.9696234209207197,0.969891911980829,0.9658704286834625,0.968461920528337,0.0018357367910239273,8,1.0,1.0,1.0,1.0,0.0
93.8501546382904,7.189160218783541,4.051536877950032,0.06040849448368292,balanced,,sqrt,1,4,200,"{'model__class_weight': 'balanced', 'model__max_depth': None, 'model__max_features': 'sqrt', 'model__min_samples_leaf': 1, 'model__min_samples_split': 4, 'model__n_estimators': 200}",0.9704805551328284,0.9708563979242901,0.9674247061321875,0.9695872197297687,0.0015368069160364367,3,0.9962499645561087,0.9965446113707898,0.9962232816593719,0.9963392858620902,0.00014559514102844578
130.53178469340006,3.6902605721989294,3.283376932144165,0.15606274549861834,balanced,,sqrt,1,4,300,"{'model__class_weight': 'balanced', 'model__max_depth': None, 'model__max_features': 'sqrt', 'model__min_samples_leaf': 1, 'model__min_samples_split': 4, 'model__n_estimators': 300}",0.9704806608640562,0.9709097347052202,0.9672641301624978,0.969551508577258,0.0016268786268037391,4,0.9963303220082436,0.9968124709544495,0.9962768519827032,0.9964732149817989,0.00024088132920895738
28.691163301467896,2.4641426791554153,3.4934911727905273,0.8792743835188417,balanced,,sqrt,2,2,200,"{'model__class_weight': 'balanced', 'model__max_depth': None, 'model__max_features': 'sqrt', 'model__min_samples_leaf': 2, 'model__min_samples_split': 2, 'model__n_estimators': 200}",0.9679047701935943,0.9670999532342377,0.9645260027963986,0.9665102420747435,0.0014410266524975072,9,0.9686815577444,0.967983057935523,0.9697275534199639,0.9687973896999623,0.0007168816291205021
44.489606618881226,1.3469061216804201,5.19083555539449,1.233644679319617,balanced,,sqrt,2,2,300,"{'model__class_weight': 'balanced', 'model__max_depth': None, 'model__max_features': 'sqrt', 'model__min_samples_leaf': 2, 'model__min_samples_split': 2, 'model__n_estimators': 300}",0.9676364111245661,0.9670459853838408,0.9645260027963986,0.9664027997682685,0.0013488083120648561,11,0.9683597913485187,0.9679832170295246,0.9697273831137154,0.9686901304972529,0.0007493872150854173
27.51226043701172,7.0915936665702635,2.990664084752401,1.0614253918601118,balanced,,sqrt,2,4,200,"{'model__class_weight': 'balanced', 'model__max_depth': None, 'model__max_features': 'sqrt', 'model__min_samples_leaf': 2, 'model__min_samples_split': 4, 'model__n_estimators': 200}",0.9679047701935943,0.9670999532342377,0.9645260027963986,0.9665102420747435,0.0014410266524975072,9,0.9686815577444,0.967983057935523,0.9697275534199639,0.9687973896999623,0.0007168816291205021
25.835282882054646,0.22400634376855416,2.3923478921254477,0.24287112286356302,balanced,,sqrt,2,4,300,"{'model__class_weight': 'balanced', 'model__max_depth': None, 'model__max_features': 'sqrt', 'model__min_samples_leaf': 2, 'model__min_samples_split': 4, 'model__n_estimators': 300}",0.9676364111245661,0.9670459853838408,0.9645260027963986,0.9664027997682685,0.0013488083120648561,11,0.9683597913485187,0.9679832170295246,0.9697273831137154,0.9686901304972529,0.0007493872150854173
12.376040697097778,0.5111950864022257,1.830520232518514,0.1191216035167476,balanced,20,sqrt,1,2,200,"{'model__class_weight': 'balanced', 'model__max_depth': 20, 'model__max_features': 'sqrt', 'model__min_samples_leaf': 1, 'model__min_samples_split': 2, 'model__n_estimators': 200}",0.9598925441172605,0.9547280257703583,0.95267868501602,0.9557664183012129,0.003035197420184138,25,0.9609922022967506,0.9563870507353371,0.9588091559209811,0.9587294696510229,0.0018808894442279493
13.48442546526591,2.5665557163351638,1.549202601114909,0.38360728499123203,balanced,20,sqrt,1,2,300,"{'model__class_weight': 'balanced', 'model__max_depth': 20, 'model__max_features': 'sqrt', 'model__min_samples_leaf': 1, 'model__min_samples_split': 2, 'model__n_estimators': 300}",0.9584382109354038,0.9549957028627254,0.956666156732624,0.9567000235102511,0.0014056020481355241,21,0.9595386092755019,0.9567894694341554,0.9614213878883018,0.9592498221993196,0.0019019666353527816
8.62730328241984,0.5237294287009571,1.3321349620819092,0.2280271228335806,balanced,20,sqrt,1,4,200,"{'model__class_weight': 'balanced', 'model__max_depth': 20, 'model__max_features': 'sqrt', 'model__min_samples_leaf': 1, 'model__min_samples_split': 4, 'model__n_estimators': 200}",0.9614005611431076,0.9572040087773883,0.9525171406094284,0.9570405701766415,0.003628482164460215,20,0.9623378416624635,0.9579229113110269,0.9584868919300236,0.9595825483011714,0.0019618443133501535
10.474726835886637,0.21548345976768277,1.8836174805959065,0.3786292486462987,balanced,20,sqrt,1,4,300,"{'model__class_weight': 'balanced', 'model__max_depth': 20, 'model__max_features': 'sqrt', 'model__min_samples_leaf': 1, 'model__min_samples_split': 4, 'model__n_estimators': 300}",0.9610772841068568,0.9586034935698831,0.9560191208720479,0.958566632849596,0.0020651509810855916,17,0.9615855728357947,0.9588684861402923,0.9605881779634784,0.9603474123131885,0.0011222347055432759
7.6028298536936445,0.5683134506142031,1.3270325660705566,0.10155174686163077,balanced,20,sqrt,2,2,200,"{'model__class_weight': 'balanced', 'model__max_depth': 20, 'model__max_features': 'sqrt', 'model__min_samples_leaf': 2, 'model__min_samples_split': 2, 'model__n_estimators': 200}",0.9602162985292364,0.953810872505171,0.9333934144579716,0.9491401951641264,0.011437604574188263,29,0.959382199752951,0.9526487774426173,0.9409640026174934,0.9509983266043539,0.007609226303520774
10.050980806350708,0.7696024064391833,1.7699534893035889,0.5282743051774964,balanced,20,sqrt,2,2,300,"{'model__class_weight': 'balanced', 'model__max_depth': 20, 'model__max_features': 'sqrt', 'model__min_samples_leaf': 2, 'model__min_samples_split': 2, 'model__n_estimators': 300}",0.9595708265567038,0.953864332660485,0.9524648563185747,0.9553000051785879,0.0030734963739169436,26,0.9592474177962425,0.9533486583429633,0.9570650190162939,0.9565536983851666,0.0024351491895124593
8.158836762110392,0.42699235494957105,1.117234468460083,0.10512436770482102,balanced,20,sqrt,2,4,200,"{'model__class_weight': 'balanced', 'model__max_depth': 20, 'model__max_features': 'sqrt', 'model__min_samples_leaf': 2, 'model__min_samples_split': 4, 'model__n_estimators': 200}",0.9602162985292364,0.953810872505171,0.9333934144579716,0.9491401951641264,0.011437604574188263,29,0.959382199752951,0.9526487774426173,0.9409640026174934,0.9509983266043539,0.007609226303520774
7.97438915570577,2.1739962609878383,0.5057864983876547,0.2297080048464875,balanced,20,sqrt,2,4,300,"{'model__class_weight': 'balanced', 'model__max_depth': 20, 'model__max_features': 'sqrt', 'model__min_samples_leaf': 2, 'model__min_samples_split': 4, 'model__n_estimators': 300}",0.9595708265567038,0.953864332660485,0.9524648563185747,0.9553000051785879,0.0030734963739169436,26,0.9592474177962425,0.9533486583429633,0.9570650190162939,0.9565536983851666,0.0024351491895124593
